id,productCode,name,category,location,price,stock,cluster
56,A-3,Apple Series 8,AUTOMATIC,"Manchester, UK",25200.0,0.0,2
55,C-3,Casio AQ-230A-7AMQYDF,LUXURY,"Yorkshire, UK",2590.0,25.0,1
49,A-2,Apple Watch 11,AUTOMATIC,"Hull, UK",55000.0,10.0,1
6,R-2,Rolex Datejust 41 126334,LUXURY,"Manchester, UK",450000.0,12.0,0
5,A-1,Apple Watch Series 6 GPS,AUTOMATIC,"Yorkshire, UK",6500.0,1.0,2
4,G-1,Garmin Forerunner 265,SPORT,"Yorkshire, UK",16500.0,12.0,1
3,R-1,Rolex Submariner Date 126610LN,LUXURY,"Manchester, UK",500000.0,12.0,0
2,C-2,casio b640wc-5a,SPORT,"Yorkshire, UK",2500.0,12.0,1
1,C-1,G-Shock GA 2100 Limited Edition,SPORT,"Manchester, UK",5500.0,12.0,1
